date,tqqq_close_usd_split_adj,cnn_fear_greed
2021-09-01,37.5775,43.1333
2021-09-02,37.5250,44.1667
2021-09-03,37.8625,44.0667
2021-09-07,38.0175,41.7000
2021-09-08,37.6275,38.5667
2021-09-09,37.2250,33.8000
2021-09-10,36.3875,20.6000
2021-09-13,36.3050,28.2667
2021-09-14,35.9925,24.8000
2021-09-15,36.7900,31.2000
2021-09-16,36.8625,31.5000
2021-09-17,35.5600,17.9333
2021-09-20,33.3725,11.1000
2021-09-21,33.4150,11.4500
2021-09-22,34.3925,20.0333
2021-09-23,35.3475,24.5000
2021-09-24,35.4475,23.8333
2021-09-27,34.5925,24.7667
2021-09-28,31.7075,12.4667
2021-09-29,31.4975,12.4833
2021-09-30,31.1425,9.9667
2021-10-01,31.7100,18.3333
2021-10-04,29.7600,9.5000
2021-10-05,30.9050,18.7667
2021-10-06,31.5150,20.0667
2021-10-07,32.3675,24.6000
2021-10-08,31.8700,25.2667
2021-10-11,31.1625,25.9000
2021-10-12,30.8450,22.7000
2021-10-13,31.5675,24.1000
2021-10-14,33.3100,31.8333
2021-10-15,33.9275,43.6333
2021-10-18,34.9450,46.5667
2021-10-19,35.7125,53.4000
2021-10-20,35.6000,56.5667
2021-10-21,36.2375,60.2000
2021-10-22,35.3200,59.5000
2021-10-25,36.3800,62.9667
2021-10-26,36.7200,63.0333
2021-10-27,37.0100,58.3333
2021-10-28,38.2250,64.4000
2021-10-29,38.7900,65.4333
2021-11-01,39.1725,66.1333
2021-11-02,39.6950,68.2667
2021-11-03,40.9550,72.2000
2021-11-04,42.4825,72.4333
2021-11-05,42.6400,73.6000
2021-11-08,42.4650,74.5333
2021-11-09,41.5900,77.1714
2021-11-10,39.7675,73.0857
2021-11-11,40.0900,72.2286
2021-11-12,41.3625,74.0000
2021-11-15,41.3500,71.6286
2021-11-16,42.2050,72.4857
2021-11-17,42.2550,69.2000
2021-11-18,43.5475,70.1429
2021-11-19,44.2850,62.7714
2021-11-22,42.7500,60.0000
2021-11-23,42.1675,60.3714
2021-11-24,42.5575,56.9429
2021-11-26,40.2100,31.2571
2021-11-29,42.7075,38.1143
2021-11-30,40.8725,24.7714
2021-12-01,38.7750,25.3571
2021-12-02,39.5050,22.9286
2021-12-03,37.5200,20.1571
2021-12-06,38.3975,21.2571
2021-12-07,41.8600,37.8857
2021-12-08,42.4425,41.3143
2021-12-09,40.6100,36.8571
2021-12-10,41.8675,42.0000
2021-12-13,40.0675,35.4000
2021-12-14,38.8750,31.5429
2021-12-15,41.4475,37.8000
2021-12-16,38.2850,33.5714
2021-12-17,37.7000,32.5143
2021-12-20,36.5725,29.4286
2021-12-21,39.0175,34.0286
2021-12-22,40.4100,39.5429
2021-12-23,41.3700,50.4857
2021-12-27,43.3475,56.4000
2021-12-28,42.8375,62.9714
2021-12-29,42.7700,64.0286
2021-12-30,42.3700,63.9714
2021-12-31,41.5825,62.5429
2022-01-03,42.7825,65.2286
2022-01-04,41.1200,64.2571
2022-01-05,37.3375,51.0286
2022-01-06,37.2350,52.1429
2022-01-07,36.0175,49.2571
2022-01-10,36.1500,51.1429
2022-01-11,37.7400,56.1143
2022-01-12,38.1700,55.9429
2022-01-13,35.4000,52.1714
2022-01-14,35.9350,55.8000
2022-01-18,33.3450,53.7143
2022-01-19,32.1850,44.8286
2022-01-20,30.9400,39.1429
2022-01-21,28.3350,26.7286
2022-01-24,28.7450,23.1286
2022-01-25,26.6250,20.8857
2022-01-26,26.5750,19.5143
2022-01-27,25.7800,18.6000
2022-01-28,28.1850,23.8571
2022-01-31,30.9150,29.2000
2022-02-01,31.5050,30.8000
2022-02-02,32.2500,28.8000
2022-02-03,28.3700,26.0571
2022-02-04,29.3500,27.6000
2022-02-07,28.6850,27.9143
2022-02-08,29.6600,28.9429
2022-02-09,31.5000,32.6571
2022-02-10,29.4100,33.6000
2022-02-11,26.6400,28.4857
2022-02-14,26.7150,25.6857
2022-02-15,28.6500,29.9714
2022-02-16,28.6450,32.0857
2022-02-17,26.1050,32.4571
2022-02-18,25.2200,29.5143
2022-02-22,24.4400,28.7714
2022-02-23,22.5700,18.8143
2022-02-24,24.7800,21.2286
2022-02-25,25.9550,28.1429
2022-02-28,26.2300,25.4714
2022-03-01,25.0200,22.9714
2022-03-02,26.2150,17.8286
2022-03-03,25.1200,21.7286
2022-03-04,24.0450,18.1714
2022-03-07,21.3600,16.9000
2022-03-08,21.0650,16.6714
2022-03-09,23.3200,18.0286
2022-03-10,22.5700,17.9571
2022-03-11,21.1700,19.0571
2022-03-14,19.9300,17.5000
2022-03-15,21.7750,21.8571
2022-03-16,24.2200,25.2571
2022-03-17,25.0300,33.6286
2022-03-18,26.5850,38.4286
2022-03-21,26.3950,40.9714
2022-03-22,27.9550,44.5429
2022-03-23,26.7750,45.2000
2022-03-24,28.5100,46.9143
2022-03-25,28.4650,49.3714
2022-03-28,29.7600,51.2571
2022-03-29,31.2850,52.7143
2022-03-30,30.3450,52.8000
2022-03-31,29.0900,59.2000
2022-04-01,28.9650,59.8000
2022-04-04,30.7750,61.6571
2022-04-05,28.7400,47.9143
2022-04-06,26.8500,46.4000
2022-04-07,27.0250,46.8286
2022-04-08,25.9200,46.0857
2022-04-11,24.0800,43.4000
2022-04-12,23.7700,42.0571
2022-04-13,25.1950,41.8000
2022-04-14,23.5000,39.8571
2022-04-18,23.5650,37.6000
2022-04-19,25.0800,39.6286
2022-04-20,23.9500,43.3143
2022-04-21,22.5450,38.9429
2022-04-22,20.7550,31.6286
2022-04-25,21.5250,29.9714
2022-04-26,19.1050,17.9000
2022-04-27,19.0200,16.2714
2022-04-28,21.0300,24.2571
2022-04-29,18.2650,14.3286
2022-05-02,19.1250,13.2714
2022-05-03,19.1700,30.4857
2022-05-04,21.0700,22.4000
2022-05-05,17.9300,13.1286
2022-05-06,17.3050,12.2429
2022-05-09,15.2600,8.1857
2022-05-10,15.7850,7.4000
2022-05-11,14.3800,4.0286
2022-05-12,14.2650,3.2000
2022-05-13,15.8150,11.2857
2022-05-16,15.3250,11.7429
2022-05-17,16.4800,15.2000
2022-05-18,14.0750,6.6000
2022-05-19,13.7900,13.7143
2022-05-20,13.6700,12.6571
2022-05-23,14.3450,17.8857
2022-05-24,13.4500,16.0000
2022-05-25,13.9900,17.5714
2022-05-26,15.1600,24.1143
2022-05-27,16.6450,29.5429
2022-05-31,16.5250,40.0571
2022-06-01,16.1400,40.6000
2022-06-02,17.4500,44.8286
2022-06-03,16.0700,35.4571
2022-06-06,16.2700,42.8000
2022-06-07,16.6650,45.6286
2022-06-08,16.3250,48.1143
2022-06-09,14.9950,47.0571
2022-06-10,13.3950,40.0000
2022-06-13,11.5400,25.0857
2022-06-14,11.6150,20.5286
2022-06-15,12.4500,29.2571
2022-06-16,10.9300,17.7000
2022-06-17,11.3350,16.9286
2022-06-21,12.1900,19.7286
2022-06-22,12.1450,26.8857
2022-06-23,12.6650,26.7429
2022-06-24,13.9900,30.8571
2022-06-27,13.6600,30.7714
2022-06-28,12.4150,28.1429
2022-06-29,12.4400,26.5429
2022-06-30,12.0000,24.3714
2022-07-01,12.1950,24.5714
2022-07-05,12.8250,22.1714
2022-07-06,13.0700,22.8286
2022-07-07,13.8800,27.6000
2022-07-08,13.9450,31.3429
2022-07-11,13.0550,30.3714
2022-07-12,12.6750,30.3143
2022-07-13,12.5950,27.2857
2022-07-14,12.7250,26.5143
2022-07-15,13.3950,33.2857
2022-07-18,13.0850,35.8857
2022-07-19,14.2300,39.3143
2022-07-20,14.9450,44.0857
2022-07-21,15.5800,48.2000
2022-07-22,14.7650,42.4286
2022-07-25,14.5450,42.2000
2022-07-26,13.6650,42.0000
2022-07-27,15.3700,46.6286
2022-07-28,15.8100,48.4857
2022-07-29,16.6800,52.4000
2022-08-01,16.6550,59.0857
2022-08-02,16.5000,57.3714
2022-08-03,17.8200,60.2571
2022-08-04,18.0750,61.5143
2022-08-05,17.6450,63.3143
2022-08-08,17.4650,64.7429
2022-08-09,16.8650,64.4571
2022-08-10,18.2500,65.1143
2022-08-11,17.9750,65.8286
2022-08-12,18.9900,68.0286
2022-08-15,19.4450,66.8286
2022-08-16,19.3200,67.9429
2022-08-17,18.6500,67.1429
2022-08-18,18.7750,66.3714
2022-08-19,17.6750,63.7143
2022-08-22,16.2850,60.3143
2022-08-23,16.2300,57.4286
2022-08-24,16.3550,57.5143
2022-08-25,17.2150,58.2571
2022-08-26,15.1200,55.7429
2022-08-29,14.6550,54.2857
2022-08-30,14.1650,49.8000
2022-08-31,13.9050,52.0857
2022-09-01,13.9200,49.3714
2022-09-02,13.3400,42.4571
2022-09-06,13.0350,40.6286
2022-09-07,13.8050,39.6286
2022-09-08,14.0300,40.3714
2022-09-09,14.9200,43.8000
2022-09-12,15.4650,47.6000
2022-09-13,12.9200,36.6286
2022-09-14,13.2100,41.8857
2022-09-15,12.5450,40.6571
2022-09-16,12.3000,35.2857
2022-09-19,12.5950,36.3143
2022-09-20,12.2950,36.1143
2022-09-21,11.6200,27.2143
2022-09-22,11.1900,24.4857
2022-09-23,10.6550,21.6857
2022-09-26,10.5100,17.6286
2022-09-27,10.5200,16.5143
2022-09-28,11.1350,17.0286
2022-09-29,10.1950,13.2571
2022-09-30,9.6600,16.4571
2022-10-03,10.3300,20.3857
2022-10-04,11.2900,27.8857
2022-10-05,11.2900,29.7143
2022-10-06,11.0050,23.1429
2022-10-07,9.7500,19.6714
2022-10-10,9.4450,19.4000
2022-10-11,9.0700,16.8857
2022-10-12,9.0500,15.9429
2022-10-13,9.6550,19.3714
2022-10-14,8.7850,16.4571
2022-10-17,9.6500,23.4000
2022-10-18,9.8900,28.8000
2022-10-19,9.7700,29.4286
2022-10-20,9.6050,39.0857
2022-10-21,10.2850,43.7429
2022-10-24,10.6350,47.2286
2022-10-25,11.2750,51.3714
2022-10-26,10.5300,53.8000
2022-10-27,9.9500,54.5714
2022-10-28,10.8500,57.1143
2022-10-31,10.4750,64.0571
2022-11-01,10.1500,63.5143
2022-11-02,9.1000,55.2857
2022-11-03,8.5750,55.5143
2022-11-04,8.9750,56.5143
2022-11-07,9.2600,59.6571
2022-11-08,9.4600,57.9429
2022-11-09,8.8000,54.0000
2022-11-10,10.7250,60.3429
2022-11-11,11.3350,63.7429
2022-11-14,11.0350,62.6857
2022-11-15,11.4800,66.9143
2022-11-16,11.0150,65.0857
2022-11-17,10.9300,61.4857
2022-11-18,10.9200,60.3429
2022-11-21,10.5900,60.9714
2022-11-22,11.0350,60.8000
2022-11-23,11.3650,64.2571
2022-11-25,11.1300,63.0857
2022-11-28,10.6400,59.7429
2022-11-29,10.3850,58.1714
2022-11-30,11.7800,73.9714
2022-12-01,11.8450,75.6000
2022-12-02,11.7050,68.1429
2022-12-05,11.1150,65.0857
2022-12-06,10.4100,61.8286
2022-12-07,10.2850,58.4286
2022-12-08,10.6500,55.6857
2022-12-09,10.4450,52.0857
2022-12-12,10.8250,57.2000
2022-12-13,11.1650,59.1714
2022-12-14,10.9000,60.9429
2022-12-15,9.8200,60.1429
2022-12-16,9.5300,44.1429
2022-12-19,9.1350,39.9714
2022-12-20,9.0950,38.3143
2022-12-21,9.4900,38.5429
2022-12-22,8.7700,37.0000
2022-12-23,8.7950,39.5143
2022-12-27,8.4200,39.9429
2022-12-28,8.0800,35.5143
2022-12-29,8.6500,37.1429
2022-12-30,8.6500,36.5143
2023-01-03,8.4550,36.6000
2023-01-04,8.5850,39.8571
2023-01-05,8.1800,44.1714
2023-01-06,8.8200,45.7143
2023-01-09,9.0050,47.2000
2023-01-10,9.2450,49.6571
2023-01-11,9.7050,54.2286
2023-01-12,9.8550,56.6857
2023-01-13,10.0500,61.3143
2023-01-17,10.1050,64.1429
2023-01-18,9.7300,58.4286
2023-01-19,9.4250,55.4286
2023-01-20,10.1950,58.5429
2023-01-23,10.8650,63.6000
2023-01-24,10.8000,63.0000
2023-01-25,10.7200,63.8857
2023-01-26,11.3400,68.0286
2023-01-27,11.6650,69.2000
2023-01-30,10.9650,67.4571
2023-01-31,11.4550,70.3429
2023-02-01,12.1950,82.1714
2023-02-02,13.4550,75.2000
2023-02-03,12.7600,76.1429
2023-02-06,12.4350,75.9143
2023-02-07,13.2050,76.3429
2023-02-08,12.4950,74.6286
2023-02-09,12.1600,72.6286
2023-02-10,11.9100,72.4857
2023-02-13,12.4750,71.8286
2023-02-14,12.7450,73.2571
2023-02-15,13.0300,73.6571
2023-02-16,12.2850,70.7143
2023-02-17,12.0200,69.4857
2023-02-21,11.1750,65.9143
2023-02-22,11.1850,64.1714
2023-02-23,11.4650,62.6571
2023-02-24,10.8850,60.6571
2023-02-27,11.1200,61.2286
2023-02-28,11.0650,61.2000
2023-03-01,10.7950,65.9143
2023-03-02,11.0550,52.4571
2023-03-03,11.7300,55.6857
2023-03-06,11.7800,55.2571
2023-03-07,11.3400,48.5143
2023-03-08,11.4950,49.8286
2023-03-09,10.8900,37.5429
2023-03-10,10.4400,26.8857
2023-03-13,10.6650,23.3571
2023-03-14,11.3900,25.0857
2023-03-15,11.5550,22.6857
2023-03-16,12.4700,32.5714
2023-03-17,12.2850,27.0000
2023-03-20,12.4150,30.4286
2023-03-21,12.9400,43.4857
2023-03-22,12.3400,41.0286
2023-03-23,12.7800,38.3429
2023-03-24,12.9100,37.7143
2023-03-27,12.6450,40.2000
2023-03-28,12.4350,39.6000
2023-03-29,13.1150,41.4571
2023-03-30,13.4700,45.2286
2023-03-31,14.1300,49.4857
2023-04-03,14.0300,61.4857
2023-04-04,13.8900,50.2286
2023-04-05,13.4450,52.6286
2023-04-06,13.7150,55.2571
2023-04-10,13.6850,57.9143
2023-04-11,13.4200,58.4857
2023-04-12,13.0650,60.7429
2023-04-13,13.8150,63.1714
2023-04-14,13.7350,65.7143
2023-04-17,13.7500,67.0857
2023-04-18,13.7600,65.4857
2023-04-19,13.7300,67.2571
2023-04-20,13.4100,64.0571
2023-04-21,13.4350,63.5143
2023-04-24,13.3550,63.4857
2023-04-25,12.6000,57.0571
2023-04-26,12.8100,52.4000
2023-04-27,13.8450,58.3143
2023-04-28,14.1250,59.4286
2023-05-01,14.0850,59.4286
2023-05-02,13.7100,55.5143
2023-05-03,13.4400,54.6286
2023-05-04,13.2900,49.6000
2023-05-05,14.1050,53.8857
2023-05-08,14.2200,57.1429
2023-05-09,13.9450,59.5714
2023-05-10,14.3950,59.9714
2023-05-11,14.5150,59.0571
2023-05-12,14.3650,57.3429
2023-05-15,14.5850,57.2571
2023-05-16,14.6400,55.2857
2023-05-17,15.1650,60.2571
2023-05-18,15.9800,64.9143
2023-05-19,15.8700,65.4571
2023-05-22,16.0350,67.8571
2023-05-23,15.4150,65.8000
2023-05-24,15.1650,61.8286
2023-05-25,16.2600,62.6857
2023-05-26,17.4900,65.7143
2023-05-30,17.7350,66.0857
2023-05-31,17.3750,64.1714
2023-06-01,18.0050,68.0571
2023-06-02,18.4100,75.4286
2023-06-05,18.4500,69.4857
2023-06-06,18.4300,73.5143
2023-06-07,17.4900,74.4571
2023-06-08,18.0900,75.7714
2023-06-09,18.3100,76.9714
2023-06-12,19.2450,78.0571
2023-06-13,19.6750,79.6286
2023-06-14,20.0950,79.6286
2023-06-15,20.8000,80.8857
2023-06-16,20.4000,81.2571
2023-06-20,20.3000,80.1143
2023-06-21,19.4250,80.1143
2023-06-22,20.0700,80.0571
2023-06-23,19.4750,75.7143
2023-06-26,18.7050,73.4571
2023-06-27,19.6300,75.4857
2023-06-28,19.7500,76.5143
2023-06-29,19.6150,79.2000
2023-06-30,20.5000,79.4857
2023-07-03,20.6400,82.2286
2023-07-05,20.6250,79.2571
2023-07-06,20.1400,77.9143
2023-07-07,19.9350,77.6857
2023-07-10,19.9500,76.6857
2023-07-11,20.2350,78.2857
2023-07-12,20.9850,78.1714
2023-07-13,22.0300,79.4000
2023-07-14,22.0100,79.8000
2023-07-17,22.6200,80.0286
2023-07-18,23.1600,81.6857
2023-07-19,23.1600,82.3429
2023-07-20,21.5350,80.8571
2023-07-21,21.3450,81.0286
2023-07-24,21.4300,82.5143
2023-07-25,21.8600,81.2286
2023-07-26,21.6350,80.6000
2023-07-27,21.4500,77.6571
2023-07-28,22.6100,76.9143
2023-07-31,22.6550,77.6286
2023-08-01,22.4800,77.3429
2023-08-02,21.0100,77.3429
2023-08-03,20.8600,73.6286
2023-08-04,20.5700,64.5000
2023-08-07,21.0800,72.0571
2023-08-08,20.5400,69.2000
2023-08-09,19.8550,67.3143
2023-08-10,19.9450,66.3429
2023-08-11,19.5450,65.0286
2023-08-14,20.1950,66.2857
2023-08-15,19.5750,54.5000
2023-08-16,18.9250,49.4857
2023-08-17,18.2850,46.1429
2023-08-18,18.2000,43.6571
2023-08-21,19.0800,43.4857
2023-08-22,18.9950,43.4429
2023-08-23,19.8900,50.1714
2023-08-24,18.5800,40.5857
2023-08-25,19.0200,47.0286
2023-08-28,19.4450,45.2857
2023-08-29,20.6850,49.1714
2023-08-30,21.0300,50.4286
2023-08-31,21.2200,52.9429
2023-09-01,21.1450,55.0286
2023-09-05,21.2000,59.0857
2023-09-06,20.6400,56.7143
2023-09-07,20.1900,53.6286
2023-09-08,20.2500,51.9143
2023-09-11,20.9400,52.2000
2023-09-12,20.2700,51.4000
2023-09-13,20.4700,51.4000
2023-09-14,20.9500,54.4286
2023-09-15,19.8750,52.0286
2023-09-18,19.9200,49.4857
2023-09-19,19.8000,49.9429
2023-09-20,18.8750,48.2857
2023-09-21,17.8000,37.1571
2023-09-22,17.8125,33.1571
2023-09-25,18.0500,38.4286
2023-09-26,17.2450,24.2286
2023-09-27,17.3500,22.8286
2023-09-28,17.7700,29.0000
2023-09-29,17.8100,28.4000
2023-10-02,18.2350,28.3143
2023-10-03,17.2700,20.5286
2023-10-04,17.9700,20.9857
2023-10-05,17.7800,20.3286
2023-10-06,18.6750,27.7143
2023-10-09,18.9500,29.2571
2023-10-10,19.2600,32.3143
2023-10-11,19.6700,34.3429
2023-10-12,19.4400,35.6857
2023-10-13,18.7050,26.2714
2023-10-16,19.3350,35.7429
2023-10-17,19.1500,39.1429
2023-10-18,18.3400,30.5714
2023-10-19,17.8500,29.5429
2023-10-20,17.0450,22.8571
2023-10-23,17.1950,25.8429
2023-10-24,17.6800,33.4857
2023-10-25,16.3850,25.2143
2023-10-26,15.4300,22.7143
2023-10-27,15.6500,21.6143
2023-10-30,16.1550,29.2000
2023-10-31,16.3900,30.1429
2023-11-01,17.2350,32.1714
2023-11-02,18.1500,37.6857
2023-11-03,18.7900,36.1143
2023-11-06,19.0050,38.9143
2023-11-07,19.5400,39.6286
2023-11-08,19.5750,39.7714
2023-11-09,19.1100,41.0000
2023-11-10,20.3850,41.4571
2023-11-13,20.2000,39.8857
2023-11-14,21.4700,46.6000
2023-11-15,21.5300,52.5429
2023-11-16,21.5650,55.0571
2023-11-17,21.5800,58.8571
2023-11-20,22.3500,61.2857
2023-11-21,21.9450,61.1714
2023-11-22,22.2000,65.0571
2023-11-24,22.0900,66.8571
2023-11-27,22.0250,65.3143
2023-11-28,22.2000,65.0857
2023-11-29,22.1200,63.2857
2023-11-30,21.9350,64.3714
2023-12-01,22.1200,64.5143
2023-12-04,21.4900,63.7143
2023-12-05,21.6450,65.1429
2023-12-06,21.2600,63.9714
2023-12-07,22.1500,66.1429
2023-12-08,22.4150,65.9429
2023-12-11,22.9850,67.2857
2023-12-12,23.5400,67.8857
2023-12-13,24.3700,67.5429
2023-12-14,24.3300,70.5429
2023-12-15,24.6200,69.4571
2023-12-18,25.1350,70.4857
2023-12-19,25.5100,82.9714
2023-12-20,24.2700,75.5714
2023-12-21,25.0725,77.0000
2023-12-22,25.1750,79.7429
2023-12-26,25.6350,81.9429
2023-12-27,25.7700,81.1714
2023-12-28,25.7050,81.2571
2023-12-29,25.3500,80.7143
2024-01-02,24.0650,79.7143
2024-01-03,23.2950,76.7143
2024-01-04,22.9050,78.6857
2024-01-05,22.9900,75.7714
2024-01-08,24.3750,76.1714
2024-01-09,24.5350,75.6857
2024-01-10,25.0200,76.3714
2024-01-11,25.1400,74.6571
2024-01-12,25.1700,73.0857
2024-01-16,25.1550,72.2857
2024-01-17,24.7200,57.2143
2024-01-18,25.7800,66.4571
2024-01-19,27.2700,72.8286
2024-01-22,27.3800,72.8571
2024-01-23,27.7050,70.2571
2024-01-24,28.1600,72.4857
2024-01-25,28.2400,73.2286
2024-01-26,27.7200,73.8000
2024-01-29,28.5350,74.1143
2024-01-30,27.9650,74.2286
2024-01-31,26.3200,64.1143
2024-02-01,27.2500,72.3429
2024-02-02,28.6200,74.6000
2024-02-05,28.4750,73.3143
2024-02-06,28.3100,73.2000
2024-02-07,29.1550,73.7714
2024-02-08,29.2750,74.6000
2024-02-09,30.1350,75.4286
2024-02-12,29.7800,75.8286
2024-02-13,28.3700,66.7429
2024-02-14,29.2700,67.5143
2024-02-15,29.5150,73.8571
2024-02-16,28.7050,73.4857
2024-02-20,28.0400,63.7429
2024-02-21,27.6900,63.7000
2024-02-22,30.0850,73.9429
2024-02-23,29.8100,73.3429
2024-02-26,29.7700,71.9143
2024-02-27,29.9550,75.7714
2024-02-28,29.4700,76.7714
2024-02-29,30.1800,77.4571
2024-03-01,31.5650,76.8286
2024-03-04,31.1900,79.2286
2024-03-05,29.5200,76.1143
2024-03-06,30.0650,72.5429
2024-03-07,31.4050,73.8571
2024-03-08,30.0300,70.0286
2024-03-11,29.6800,62.7714
2024-03-12,30.9400,72.2000
2024-03-13,30.2200,71.7714
2024-03-14,29.9750,70.4000
2024-03-15,28.8800,68.6286
2024-03-18,29.6950,70.7429
2024-03-19,29.9000,70.8571
2024-03-20,30.8500,69.6286
2024-03-21,31.2500,71.3714
2024-03-22,31.3150,69.5143
2024-03-25,30.9950,67.4286
2024-03-26,30.7050,67.9143
2024-03-27,30.9750,69.7714
2024-03-28,30.7800,68.7714
2024-04-01,30.9700,71.2571
2024-04-02,30.1400,71.1429
2024-04-03,30.3400,69.4000
2024-04-04,28.9100,53.8000
2024-04-05,29.9300,58.1000
2024-04-08,29.9500,64.0286
2024-04-09,30.2600,59.6286
2024-04-10,29.4650,49.6714
2024-04-11,30.8500,56.6571
2024-04-12,29.3600,45.0143
2024-04-15,27.8850,38.4000
2024-04-16,27.8900,35.1143
2024-04-17,26.8550,31.1571
2024-04-18,26.3750,30.4000
2024-04-19,24.7400,27.6714
2024-04-22,25.4600,34.1714
2024-04-23,26.5950,36.5714
2024-04-24,26.8550,37.4857
2024-04-25,26.4250,39.0857
2024-04-26,27.6400,40.5143
2024-04-29,27.9700,42.4286
2024-04-30,26.3675,40.5429
2024-05-01,25.8000,40.5143
2024-05-02,26.7550,42.2286
2024-05-03,28.3500,43.2571
2024-05-06,29.2800,39.0000
2024-05-07,29.2800,37.1714
2024-05-08,29.2250,38.1714
2024-05-09,29.3850,42.2286
2024-05-10,29.5850,46.0286
2024-05-13,29.7800,48.1143
2024-05-14,30.3350,55.2857
2024-05-15,31.7350,59.3714
2024-05-16,31.5400,62.3143
2024-05-17,31.4700,62.8000
2024-05-20,32.1200,60.4286
2024-05-21,32.2850,59.4286
2024-05-22,32.2650,58.5143
2024-05-23,31.7850,52.3714
2024-05-24,32.6750,51.7429
2024-05-28,33.0300,54.6857
2024-05-29,32.3400,49.9714
2024-05-30,31.3000,45.0857
2024-05-31,31.2650,48.4286
2024-06-03,31.5700,45.4857
2024-06-04,31.8050,47.6286
2024-06-05,33.7250,51.1429
2024-06-06,33.6850,45.3143
2024-06-07,33.5600,43.4000
2024-06-10,33.9150,44.7429
2024-06-11,34.6150,44.4000
2024-06-12,35.9800,46.5714
2024-06-13,36.5550,44.5714
2024-06-14,37.0850,41.1143
2024-06-17,38.4300,43.2857
2024-06-18,38.4500,41.2857
2024-06-20,37.5450,38.7143
2024-06-21,37.2000,39.0571
2024-06-24,35.9400,37.7714
2024-06-25,37.1400,37.2857
2024-06-26,37.2300,40.8857
2024-06-27,37.5000,45.5143
2024-06-28,36.9100,44.3143
2024-07-01,37.5150,47.9429
2024-07-02,38.6650,49.7429
2024-07-03,39.6150,48.3714
2024-07-05,40.8150,49.7143
2024-07-08,41.0850,51.0571
2024-07-09,41.1750,50.5714
2024-07-10,42.4650,54.6000
2024-07-11,39.6750,49.4000
2024-07-12,40.3200,54.3714
2024-07-15,40.6200,57.7429
2024-07-16,40.6500,57.0286
2024-07-17,37.0750,46.1143
2024-07-18,36.5200,45.9429
2024-07-19,35.5300,43.0000
2024-07-22,37.0800,48.4286
2024-07-23,36.6800,46.8571
2024-07-24,32.7250,38.6143
2024-07-25,31.6350,39.0714
2024-07-26,32.5400,42.5429
2024-07-29,32.7300,42.0714
2024-07-30,31.3950,40.8000
2024-07-31,34.1400,46.8857
2024-08-01,31.6800,42.6857
2024-08-02,29.3700,41.3857
2024-08-05,26.8100,33.0571
2024-08-06,27.4800,19.0143
2024-08-07,26.5950,16.5571
2024-08-08,29.0300,17.6571
2024-08-09,29.4250,24.0857
2024-08-12,29.6250,23.8000
2024-08-13,31.7800,25.5143
2024-08-14,31.8350,26.4286
2024-08-15,34.2300,32.3714
2024-08-16,34.3200,33.7429
2024-08-19,35.6500,39.8857
2024-08-20,35.4300,44.6857
2024-08-21,35.9150,50.2286
2024-08-22,34.1900,46.7714
2024-08-23,35.2650,51.5714
2024-08-26,34.2300,52.9429
2024-08-27,34.5200,52.2857
2024-08-28,33.3500,51.0857
2024-08-29,33.1750,56.0571
2024-08-30,34.3050,60.3143
2024-09-03,31.1750,56.3429
2024-09-04,30.9100,56.6286
2024-09-05,31.0100,50.6286
2024-09-06,28.4950,39.3429
2024-09-09,29.5550,41.9714
2024-09-10,30.3500,39.6857
2024-09-11,32.2850,43.0857
2024-09-12,33.2400,42.9714
2024-09-13,33.6750,48.6286
2024-09-16,33.2250,50.3143
2024-09-17,33.2450,54.6286
2024-09-18,32.8100,55.1714
2024-09-19,35.2900,63.8000
2024-09-20,35.0650,61.2000
2024-09-23,35.3250,63.8571
2024-09-24,35.8250,66.4286
2024-09-25,35.8350,65.7429
2024-09-26,36.5950,70.7429
2024-09-27,35.9650,67.3143
2024-09-30,36.2450,73.6857
2024-10-01,34.7100,70.3143
2024-10-02,34.8400,70.5714
2024-10-03,34.7600,69.4286
2024-10-04,35.9850,71.4000
2024-10-07,34.8000,70.8286
2024-10-08,36.3100,71.1714
2024-10-09,37.1850,71.1429
2024-10-10,37.0550,70.2857
2024-10-11,37.1500,71.6571
2024-10-14,38.1000,74.2286
2024-10-15,36.5800,71.1429
2024-10-16,36.5600,69.0286
2024-10-17,36.6700,68.5714
2024-10-18,37.3200,72.4286
2024-10-21,37.5250,69.8000
2024-10-22,37.6350,70.3714
2024-10-23,35.8950,63.2000
2024-10-24,36.7500,62.9429
2024-10-25,37.3700,58.7429
2024-10-28,37.4050,60.8571
2024-10-29,38.4400,60.0571
2024-10-30,37.5850,57.2000
2024-10-31,34.7250,40.4571
2024-11-01,35.4650,50.4857
2024-11-04,35.1350,42.4286
2024-11-05,36.4700,43.5429
2024-11-06,39.4300,44.0000
2024-11-07,41.2750,59.0571
2024-11-08,41.3750,59.4286
2024-11-11,41.3000,66.6000
2024-11-12,41.0750,66.7143
2024-11-13,40.8950,66.3143
2024-11-14,40.0300,60.3143
2024-11-15,37.1350,51.2000
2024-11-18,37.8850,50.2857
2024-11-19,38.6450,49.5143
2024-11-20,38.6000,49.5143
2024-11-21,38.9800,56.6000
2024-11-22,39.1250,60.7143
2024-11-25,39.3050,62.8857
2024-11-26,39.9150,65.9143
2024-11-27,38.9500,64.4000
2024-11-29,39.9450,65.0000
2024-12-02,41.2400,65.3143
2024-12-03,41.6050,59.5714
2024-12-04,43.1250,57.4857
2024-12-05,42.7700,54.9143
2024-12-06,43.8700,52.1429
2024-12-09,42.8450,49.2571
2024-12-10,42.3800,46.9714
2024-12-11,44.6450,49.2000
2024-12-12,43.7600,47.1143
2024-12-13,44.7000,49.1143
2024-12-16,46.6450,56.0571
2024-12-17,46.0200,51.4000
2024-12-18,41.0450,33.1286
2024-12-19,40.4650,19.5143
2024-12-20,41.5150,27.6000
2024-12-23,42.5300,30.1429
2024-12-24,44.2200,34.5143
2024-12-26,44.1250,34.1714
2024-12-27,42.3300,33.8286
2024-12-30,40.6300,28.6000
2024-12-31,39.5650,26.3143
2025-01-02,39.3150,24.3143
2025-01-03,41.2000,28.8857
2025-01-06,42.6050,33.7714
2025-01-07,40.3100,34.3143
2025-01-08,40.3400,31.9143
2025-01-10,38.4150,25.6286
2025-01-13,38.0150,25.3429
2025-01-14,37.8800,25.1429
2025-01-15,40.4400,27.4286
2025-01-16,39.6150,27.3429
2025-01-17,41.5700,36.0286
2025-01-21,42.2600,39.9143
2025-01-22,43.9000,41.6286
2025-01-23,44.1700,43.6857
2025-01-24,43.3750,45.8000
2025-01-27,39.5700,37.9714
2025-01-28,41.3250,40.6286
2025-01-29,41.0700,42.4000
2025-01-30,41.5850,45.9143
2025-01-31,41.3600,43.7714
2025-02-03,40.3600,37.4000
2025-02-04,41.8250,37.1429
2025-02-05,42.3700,38.6286
2025-02-06,43.0050,39.6857
2025-02-07,41.3650,38.3714
2025-02-10,42.8200,44.7143
2025-02-11,42.5150,45.4000
2025-02-12,42.6000,41.3714
2025-02-13,44.3950,46.6000
2025-02-14,44.9150,43.6857
2025-02-18,45.1950,46.8000
2025-02-19,45.2000,47.6286
2025-02-20,44.6500,44.2286
2025-02-21,41.8550,36.9714
2025-02-24,40.3500,29.5429
2025-02-25,38.8100,24.2000
2025-02-26,39.0600,21.2571
2025-02-27,35.8200,12.7571
2025-02-28,37.4600,20.6571
2025-03-03,35.0400,12.3429
2025-03-04,34.6550,11.0429
2025-03-05,36.0050,11.5143
2025-03-06,33.0200,17.2000
2025-03-07,33.7050,17.6429
2025-03-10,29.9050,17.0714
2025-03-11,29.5550,15.1143
2025-03-12,30.5650,15.9143
2025-03-13,28.8950,15.1857
2025-03-14,30.9450,22.0571
2025-03-17,31.5450,22.5714
2025-03-18,29.9550,22.2286
2025-03-19,31.1200,21.6000
2025-03-20,30.8000,21.6857
2025-03-21,31.0900,22.6857
2025-03-24,33.0650,25.4000
2025-03-25,33.6550,29.2857
2025-03-26,31.6900,28.8857
2025-03-27,31.1500,28.3429
2025-03-28,28.6700,26.3714
2025-03-31,28.6500,21.1143
2025-04-01,29.3100,19.5714
2025-04-02,29.9650,22.6000
2025-04-03,25.1500,12.1429
2025-04-04,20.5450,5.3857
2025-04-07,20.6250,4.0000
2025-04-08,19.4500,2.9000
2025-04-09,26.3050,9.5000
2025-04-10,23.0700,5.6143
2025-04-11,24.2900,8.3857
2025-04-14,24.8000,12.3429
2025-04-15,24.8950,13.1143
2025-04-16,22.6450,11.1429
2025-04-17,22.5800,16.0571
2025-04-21,20.9300,12.3714
2025-04-22,22.5300,13.6000
2025-04-23,24.0250,21.5429
2025-04-24,26.0700,24.0857
2025-04-25,26.9300,34.5143
2025-04-28,26.9100,32.1429
2025-04-29,27.4350,32.7429
2025-04-30,27.4400,32.3714
2025-05-01,28.3850,41.2571
2025-05-02,29.7150,38.2857
2025-05-05,29.2000,53.0571
2025-05-06,28.3700,54.6571
2025-05-07,28.7000,54.1429
2025-05-08,29.5550,57.6571
2025-05-09,29.4850,60.0286
2025-05-12,33.0550,64.4857
2025-05-13,34.5700,68.2000
2025-05-14,35.1800,70.4000
2025-05-15,35.2900,69.1429
2025-05-16,35.7250,70.6000
2025-05-19,35.8200,69.7429
2025-05-20,35.4450,69.1714
2025-05-21,33.9700,66.2286
2025-05-22,34.1450,66.8000
2025-05-23,33.1600,64.0857
2025-05-27,35.4700,65.7429
2025-05-28,35.0150,64.7429
2025-05-29,35.1850,64.4571
2025-05-30,35.0000,61.9143
2025-06-02,35.8050,62.4286
2025-06-03,36.6400,54.5714
2025-06-04,36.9350,54.8857
2025-06-05,36.0750,57.9714
2025-06-06,37.1050,61.7714
2025-06-09,37.2700,63.4286
2025-06-10,37.9900,64.0000
2025-06-11,37.6000,64.2000
2025-06-12,37.8450,64.6000
2025-06-13,36.4150,59.5429
2025-06-16,37.9000,61.1143
2025-06-17,36.7800,57.4286
2025-06-18,36.7300,54.2857
2025-06-20,36.2250,54.5143
2025-06-23,37.3500,56.6000
2025-06-24,39.0500,57.8857
2025-06-25,39.2400,59.2571
2025-06-26,40.3150,63.0000
2025-06-27,40.7100,64.8000
2025-06-30,41.5000,69.2286
2025-07-01,40.4450,67.5429
2025-07-02,41.2500,63.7143
2025-07-03,42.4050,77.6286
2025-07-07,41.4600,75.0857
2025-07-08,41.5150,74.6286
2025-07-09,42.3750,75.9143
2025-07-10,42.1800,76.9714
2025-07-11,41.8600,75.2571
2025-07-14,42.3050,76.1143
2025-07-15,42.4150,73.4857
2025-07-16,42.5350,72.9429
2025-07-17,43.5250,74.1714
2025-07-18,43.3750,73.9429
2025-07-21,44.0350,73.2857
2025-07-22,43.3500,73.8857
2025-07-23,43.9200,76.3714
2025-07-24,44.2100,75.2571
2025-07-25,44.4600,74.6571
2025-07-28,44.8925,73.8000
2025-07-29,44.6900,70.6286
2025-07-30,44.8450,68.0286
2025-07-31,44.1050,63.7143
2025-08-01,41.4600,49.8000
2025-08-04,43.7300,56.8857
2025-08-05,42.8200,55.0286
2025-08-06,44.4200,55.3143
2025-08-07,44.8700,54.7143
2025-08-08,46.0800,58.3714
2025-08-11,45.6750,57.6286
2025-08-12,47.3600,62.2571
2025-08-13,47.4300,63.3429
2025-08-14,47.3000,63.2571
2025-08-15,46.6300,63.5429
2025-08-18,46.5700,64.2000
2025-08-19,44.6700,59.8857
2025-08-20,43.8550,55.9143
2025-08-21,43.2450,52.6000
2025-08-22,45.1900,55.5429
2025-08-25,44.7950,53.9429
2025-08-26,45.3150,55.4000
2025-08-27,45.5200,59.1143
2025-08-28,46.3500,64.4286
2025-08-29,44.6800,61.5429
2025-09-02,43.5400,62.4571
2025-09-03,44.5550,61.3714
2025-09-04,45.7600,61.1714
2025-09-05,45.9100,58.6857
2025-09-08,46.5650,58.2286
2025-09-09,46.9450,57.9429
2025-09-10,46.9950,57.9429
2025-09-11,47.7850,60.3429
2025-09-12,48.3800,61.3429
2025-09-15,49.6150,64.4571
2025-09-16,49.4800,64.3714
2025-09-17,49.1650,63.7714
2025-09-18,50.4900,66.5429
2025-09-19,51.4900,66.2286
2025-09-22,52.3600,66.5143
2025-09-23,51.3050,56.7714
2025-09-24,50.7050,54.5714
2025-09-25,50.0250,50.6571
2025-09-26,50.6250,51.2857
2025-09-29,51.3000,50.9714
2025-09-30,51.7000,51.4000
2025-10-01,52.4300,52.4857
2025-10-02,53.0700,54.5429
2025-10-03,52.3500,52.5714
2025-10-06,53.5200,53.9714
2025-10-07,52.6550,51.8571
2025-10-08,54.4400,52.9429
2025-10-09,54.2250,48.6286
2025-10-10,48.5350,30.1429
2025-10-13,51.6150,29.7429
2025-10-14,50.5650,28.2857
2025-10-15,51.6000,27.4143
2025-10-16,51.0250,23.1143
2025-10-17,51.9950,22.3286
2025-10-20,53.9450,29.8571
2025-10-21,53.8850,28.5429
2025-10-22,52.3000,26.3714
2025-10-23,53.6100,27.5714
2025-10-24,55.2800,32.4571
2025-10-27,58.2150,37.3429
2025-10-28,59.5450,39.3429
2025-10-29,60.3050,42.1143
2025-10-30,57.5450,37.0571
2025-10-31,58.3600,34.4571
2025-11-03,59.1600,32.6000
2025-11-04,55.5400,20.9429
2025-11-05,56.6200,23.0571
2025-11-06,53.4450,24.3429
2025-11-07,52.8900,20.4286
2025-11-10,56.3550,29.9429
2025-11-11,55.8900,30.4571
2025-11-12,55.7750,34.5714
2025-11-13,52.3300,24.5429
2025-11-14,52.3700,22.0571
2025-11-17,51.0250,11.6429
2025-11-18,49.1800,8.9000
2025-11-19,50.0250,7.8571
2025-11-20,46.4500,5.1714
2025-11-21,47.4800,5.6571
2025-11-24,51.0800,13.6857
2025-11-25,52.0100,15.0286
2025-11-26,53.3700,17.6571
2025-11-28,54.5400,21.7714
2025-12-01,54.0500,22.0857
2025-12-02,55.3000,23.2571
2025-12-03,55.6900,24.7714
2025-12-04,55.5100,36.0286
2025-12-05,56.1500,38.1429
2025-12-08,55.8000,40.7714
2025-12-09,56.0100,40.9429
2025-12-10,56.6500,36.3714
2025-12-11,56.1100,43.7429
2025-12-12,52.8200,39.2857
2025-12-15,52.0200,49.3143
2025-12-16,52.3300,46.4000
2025-12-17,49.4000,37.6857
2025-12-18,51.5100,42.3714
2025-12-19,53.5200,44.2000
2025-12-22,54.2500,54.8857
2025-12-23,55.0100,58.5714
2025-12-24,55.3600,58.0000
2025-12-26,55.3100,54.8571
2025-12-29,54.4900,47.8857
2025-12-30,54.1000,46.1143
2025-12-31,52.7200,43.2571
2026-01-02,52.3500,45.2286
2026-01-05,53.6000,47.6000
2026-01-06,55.0100,52.8571
2026-01-07,55.1700,48.5714
2026-01-08,54.1900,48.3714
2026-01-09,55.7600,54.1143
2026-01-12,55.8900,58.0000
2026-01-13,55.6000,59.0857
2026-01-14,53.8300,58.6286
2026-01-15,54.3800,63.6571
2026-01-16,54.1400,63.7714
2026-01-20,50.7300,50.8571
2026-01-21,52.7300,53.8571
2026-01-22,53.9000,54.7714
2026-01-23,54.3800,54.8857
2026-01-26,55.0800,57.6571
2026-01-27,56.5400,64.9714
2026-01-28,57.0600,65.5429
2026-01-29,56.0400,63.8286
2026-01-30,54.0000,58.6000
2026-02-02,55.1000,63.4000
2026-02-03,52.5200,43.3429
2026-02-04,49.7600,47.2286
2026-02-05,47.6400,34.9429
2026-02-06,50.5900,45.3714
2026-02-09,51.7400,48.4857
2026-02-10,51.0200,47.2286
2026-02-11,51.4000,49.9143
2026-02-12,48.2600,36.3571
2026-02-13,48.4700,33.8429
2026-02-17,48.3500,33.3143
2026-02-18,49.3900,34.1571
2026-02-19,48.8300,34.4000
2026-02-20,50.0600,42.3429
2026-02-23,48.2400,32.5429
2026-02-24,49.7800,40.2571
2026-02-25,51.8700,43.1429
2026-02-26,50.0500,42.9143
2026-02-27,49.5200,41.1714
2026-03-02,49.7000,34.2857
2026-03-03,48.1000,31.6286
2026-03-04,50.2600,33.0714
2026-03-05,49.8000,31.6286
2026-03-06,47.5400,25.2571
2026-03-09,49.3900,22.2286
2026-03-10,49.4000,20.2714
2026-03-11,49.3500,18.3143
2026-03-13,45.9300,16.6714
2026-03-16,47.4600,23.9143
2026-03-17,48.1600,22.8857
2026-03-18,46.1000,13.6143
2026-03-19,45.6900,18.3143
2026-03-20,43.0800,8.4000
2026-03-23,44.5700,11.6286
2026-03-24,43.6200,10.3571
2026-03-25,44.3900,16.5429
2026-03-26,41.2300,10.2571
2026-03-27,38.7800,8.1714
2026-03-30,37.8900,5.7714
2026-03-31,41.6800,14.8857
2026-04-01,43.2300,15.8571
2026-04-02,43.3300,18.2857
2026-04-06,44.1000,21.8571
2026-04-07,44.1500,21.5714
2026-04-08,48.0000,29.1714
2026-04-09,48.9600,33.8000
2026-04-10,49.1700,38.0571
2026-04-13,50.6600,40.9714
2026-04-14,53.4100,47.2571
2026-04-15,55.6500,56.2000
2026-04-16,56.4300,61.4857
2026-04-17,58.5900,68.5714
2026-04-20,58.0800,69.9714
2026-04-21,57.4000,67.5714
2026-04-22,60.2100,68.4571
2026-04-23,59.2200,66.1714
2026-04-24,62.5600,65.4000
2026-04-27,62.6400,66.2857
2026-04-28,60.7400,67.4286
2026-04-29,61.8600,66.2286
2026-04-30,63.5400,69.5143
2026-05-01,65.3000,71.1714
2026-05-04,64.9100,66.8857
2026-05-05,67.3900,67.2571
2026-05-06,71.5700,68.7429
2026-05-07,71.3400,67.2857
2026-05-08,76.2800,67.2857
2026-05-11,76.9600,66.6286
2026-05-12,74.9600,65.6857
2026-05-13,77.2400,64.9714
2026-05-14,78.9500,65.9143
2026-05-15,75.3400,63.2286
2026-05-18,74.3200,62.0857
2026-05-19,72.9300,59.2571
2026-05-20,76.5100,60.5143
2026-05-21,76.9500,57.5143
2026-05-22,77.8400,58.2286
2026-05-26,81.9500,59.8286
2026-05-27,81.6700,60.6286
2026-05-28,83.6800,60.7143
2026-05-29,84.5600,60.4571
2026-06-01,86.0400,59.4571
2026-06-02,87.2200,56.9714
2026-06-03,86.5600,54.6286
2026-06-04,85.2200,54.5714
2026-06-05,73.0500,41.8571
2026-06-08,76.2700,39.3714
2026-06-09,73.7200,33.7714
2026-06-10,69.2700,27.2857
2026-06-11,76.0100,29.6857
2026-06-12,77.5200,33.5143
2026-06-15,84.5900,40.1429
2026-06-16,79.9300,39.5143
2026-06-17,77.5400,32.9429
2026-06-18,82.8700,37.3429
2026-06-22,82.5800,33.9429
2026-06-23,74.4400,28.4571
2026-06-24,73.3000,26.4571
2026-06-25,74.9500,25.4286
2026-06-26,71.8300,24.6571
2026-06-29,77.1900,26.8571
2026-06-30,81.0000,29.9714
2026-07-01,77.4600,31.6286
2026-07-02,73.3500,32.5429
2026-07-06,76.4200,41.6571
2026-07-07,72.2300,39.7714
2026-07-08,72.7200,38.6286
2026-07-09,76.3400,44.7143
2026-07-10,77.0300,46.8286
2026-07-13,72.6400,40.8571
2026-07-14,75.0200,41.0571
2026-07-15,74.4400,44.4286
2026-07-16,70.7400,41.8571
2026-07-17,67.5300,37.0000
2026-07-20,67.6500,36.0000
2026-07-21,71.3700,42.7714
2026-07-22,70.2800,44.4286
2026-07-23,66.3000,40.8571
2026-07-24,64.0000,40.7714
2026-07-27,63.4000,38.2286
2026-07-28,61.5600,37.1429
2026-07-29,57.7500,25.5571
2026-07-30,63.3000,38.1143
2026-07-31,64.6200,39.5714
2026-08-03,67.9600,46.1429
2026-08-04,74.8200,58.9714
2026-08-05,72.8400,60.2286
2026-08-06,72.0300,59.6857
2026-08-07,74.4700,65.1429
2026-08-10,73.8000,64.3714
2026-08-11,73.0600,60.0857
2026-08-12,74.6000,61.6857
2026-08-13,77.1500,66.1143
2026-08-14,76.7900,64.3143
2026-08-17,76.4000,59.1429
2026-08-18,72.5300,54.6286
2026-08-19,72.0600,56.6286
2026-08-20,70.4800,51.3714
2026-08-21,71.1700,54.6571
2026-08-24,69.0100,54.9714
2026-08-25,70.2700,59.6000
2026-08-26,70.4700,53.9429
2026-08-27,73.3000,57.3143
2026-08-28,71.8500,53.7429
2026-08-31,71.9200,49.2000
2026-09-01,69.1500,44.8571
2026-09-02,69.6000,46.0571
2026-09-03,72.0300,47.5143
2026-09-04,72.3700,45.2286
2026-09-08,72.1600,39.1429
2026-09-09,71.5500,38.2000
2026-09-10,69.2100,32.2000
2026-09-11,70.9800,32.6857
2026-09-14,69.2700,31.0571
